Chapter No,Chapter Name,Section No,Section Name,Excerise,Problem ID,Question,,
1,Axioms of Probability,1.2,Sample Space and Events,Exercise A,1EA,"A deck of six cards consists of three black cards numbered 1, 2, 3, and three red cards numbered 1, 2, 3. First, Vann draws a card at random and withoutreplacement. Then Paul draws a card at random and without replacement from the remaining cards. Let A be the event that Paulâ€™s card has a larger number than Vannâ€™s card. Let B be the event that Vannâ€™s card has a larger number than Paulâ€™s card. (a) Are A and B mutually exclusive? (b) Are A and B complements of one another?",,
,,,,,2EA,"A box contains three red and five blue balls. Define a sample space for the experiment of recording the colors of three balls that are drawn from the box, one by one, with replacement.",,
,,,,,3EA,"Define a sample space for the experiment of choosing a number from the interval (0, 20). Describe the event that such a number is an integer.",,
,,,,,4EA,"Define a sample space for the experiment of putting three different books on a shelf in random order. If two of these three books are a two-volume dictionary, describe the event that these volumes stand in increasing order side-by-side (i.e., volume I precedes volume II).",,
,,,,,5EA,"Two dice are rolled. Let E be the event that the sum of the outcomes is odd and F be the event of at least one 1. Interpret the events EF, EcF, and Ec Fc.",,
,,,,,6EA,"Define a sample space for the experiment of drawing two coins from a purse that contains two quarters, three nickels, one dime, and four pennies. For the same experiment describe the following events: (a) drawing 26 cents; (b) drawing more than 9 but less than 25 cents; (c) drawing 29 cents.",,
,,,,,7EA,"A telephone call from a certain person is received some time between 7:00 A.M. and 9:10 A.M. every day. Define a sample space for this phenomenon, and describe the event that the call arrives within 15 minutes of the hour.",,
,,,,,8EA,"Let E, F, and G be three events; explain the meaning of the relations EâˆªF âˆªG = G and EFG = G",,
,,,,,9EA,A limousine that carries passengers from an airport to three different hotels just left the airport with two passengers. Describe the sample space of the stops and the event that both of the passengers get off at the same hotel.,,
,,,,,10EA,Find the simplest possible expression for the following events. (a) (E âˆª F)(F âˆª G). (b) (E âˆª F)(Ec âˆª F)(E âˆª Fc).,,
,,,,,11EA,"At a certain university, every year eight to 12 professors are granted University Merit Awards. This year among the nominated faculty are Drs. Jones, Smith, and Brown. Let A, B, and C denote the events, respectively, that these professors will be given awards. In terms of A, B, and C, find an expression for the event that the award goes to (a) only Dr. Jones; (b) at least one of the three; (c) none of the three; (d) exactly two of them; (e) exactly one of them; (f) Drs. Jones or Smith but not both.",,
,,,,,12EA,"Prove that the event B is impossible if and only if for every event A, A = (B âˆ© Ac) âˆª (Bc âˆ© A).",,
,,,,,13EA,"Let E,F, and G be three events. Determine which of the following statements are correct and which are incorrect. Justify your answers.
(a) (E âˆ’ EF) âˆª F = E âˆª F.
(b) FcG âˆª EcG = G(F âˆª E)c.
(c) (E âˆª F)cG = EcFcG.
(d) EF âˆª EG âˆª FG âŠ‚ E âˆª F âˆª G.",,
,,,,,14EA,"In an experiment, cards are drawn, one by one, at random and successively from an ordinary deck of 52 cards. Let An be the event that no face card or ace appears on the first n âˆ’ 1 drawings, and the nth draw is an ace. In terms of Anâ€™s, find an expression for the event that an ace appears before a face card, (a) if the cards are drawn with replacement; (b) if they are drawn without replacement",,
,,,,Exercise B,1EB,"Prove De Morganâ€™s second law, (AB)c = Ac âˆªBc, (a) by elementwise proof; (b) by applying De Morganâ€™s first law to Ac and Bc.",,
,,,,,2EB,Let A and B be two events. Prove the following relations by the elementwise method. (a) (A âˆ’ AB) âˆª B = A âˆª B. (b) (A âˆª B) âˆ’ AB = ABc âˆª AcB,,
,,,,,3EB,"Let {An}âˆž n=1 be a sequence of events. Prove that for every event B, (a) B  âˆž i=1 Ai  = âˆž i=1 BAi. (b) B   âˆž i=1 Ai  = âˆž i=1(B âˆª Ai).",,
,,,,,4EB,"Define a sample space for the experiment of putting in a random order seven different books on a shelf. If three of these seven books are a three-volume dictionary, describe the event that these volumes stand in increasing order side by side (i.e., volume I precedes volume II and volume II precedes volume III).",,
,,,,,5EB,"Let {A1, A2, A3,...} be a sequence of events. Find an expression for the event that infinitely many of the Aiâ€™s occur",,
,,,,,6EB,"Let {A1, A2, A3,...} be a sequence of events of a sample space S. Find a sequence {B1, B2, B3,...} of mutually exclusive events such that for all n â‰¥ 1, n i=1 Ai = n i=1 Bi.",,
,,1.4,Basic Theorems,Exercise A,1EA,"Gottfried Wilhelm Leibniz (1646â€“1716), the German mathematician, philosopher, statesman, and one of the supreme intellects of the seventeenth century, believed that in a throw of a pair of fair dice, the probability of obtaining the sum 11 is equal to that of obtaining the sum 12. Do you agree with Leibniz? Explain.",,
,,,,,2EA,Suppose that 33% of the people have O+ blood and 7% have Oâˆ’. What is the probability that the next president of the United States has type O blood?,,
,,,,,3EA,"The probability that an earthquake will damage a certain structure during a year is 0.015. The probability that a hurricane will damage the same structure during a year is 0.025. If the probability that both an earthquake and a hurricane will damage the structure during a year is 0.0073, what is the probability that next year the structure will not be damaged by a hurricane or an earthquake?",,
,,,,,4EA,"Suppose that the probability that a driver is a male, and has at least one motor vehicles accident during a one-year period, is 0.12. Suppose that the corresponding probability for a female is 0.06. What is the probability of a randomly selected driver having at least one accident during the next 12 months?",,
,,,,,5EA,"Suppose that 75% of all investors invest in traditional annuities and 45% of them invest in the stock market. If 85% invest in the stock market and/or traditional annuities, what percentage invest in both?",,
,,,,,6EA,"In a horse race, the odds in favor of the first horse winning in an 8-horse race are 2 to 5. The odds against the second horse winning are 7 to 3. What is the probability that one of these horses will win?",,
,,,,,7EA,"Excerpt from the TV show The Rockford Files: Rockford: There are only two doctors in town. The chances of both autopsies being performed by the same doctor are 50â€“50. Reporter: No, that is only for one autopsy. For two autopsies, the chances are 25â€“75. Rockford: Youâ€™re right. Was Rockford right to agree with the reporter? Explain why or why not?",,
,,,,,8EA,"A company has only one position with three highly qualified applicants: John, Barbara, and Marty. However, because the company has only a few women employees, Barbaraâ€™s chance to be hired is 20% higher than Johnâ€™s and 20% higher than Martyâ€™s. Find the probability that Barbara will be hired.",,
,,,,,9EA,"In a psychiatric hospital, the number of patients with schizophrenia is three times the number with psychoneurotic reactions, twice the number with alcohol addictions, and 10 times the number with involutional psychotic reaction. If a patient is selected randomly from the list of all patients with one of these four diseases, what is the probability that he or she suffers from schizophrenia? Assume that none of these patients has more than one of these four diseases.",,
,,,,,10EA,Let A and B be two events. Prove that P(AB) â‰¥ P(A) + P(B) âˆ’ 1.,,
,,,,,11EA,A card is drawn at random from an ordinary deck of 52 cards. What is the probability that it is (a) a black ace or a red queen, (b) a face or a black card, (c) neither a heart nor a queen?
,,,,,12EA,"Which of the following statements is true? If a statement is true, prove it. If it is false, give a counterexample. (a) If P(A) + P(B) + P(C)=1, then the events A, B, and C are mutually exclusive. (b) If P(A âˆª B âˆª C)=1, then A, B, and C are mutually exclusive events.",,
,,,,,13EA,"Suppose that in the Baltimore metropolitan area 25% of the crimes occur during the day and 80% of the crimes occur in the city. If only 10% of the crimes occur outside the city during the day, what percent occur inside the city during the night? What percent occur outside the city during the night?",,
,,,,,14EA,"Let A, B, and C be three events. Prove that P(A âˆª B âˆª C) = P(A) + P(B) + P(C) âˆ’ P(AB) âˆ’ P(AC) âˆ’ P(BC) + P(ABC).",,
,,,,,15EA,"Let A, B, and C be three events. Show that exactly two of these events will occur with probability P(AB) + P(AC) + P(BC) âˆ’ 3P(ABC).",,
,,,,,16EA,Eleven chairs are numbered 1 through 11. Four girls and seven boys sit on these chairs at random. What is the probability that chair 5 is occupied by a boy?,,
,,,,,17EA,"A ball is thrown at a square that is divided into n2 identical squares. The prob-  ability that the ball hits the square of the ith column and jth row is pij , where n i=1 n j=1 pij = 1. In terms of pij â€™s, find the probability that the ball hits the jth horizontal strip",,
,,,,,18EA,"Among 33 students in a class, 17 of them earned Aâ€™s on the midterm exam, 14 earned Aâ€™s on the final exam, and 11 did not earn Aâ€™s on either examination. What is the probability that a randomly selected student from this class earned an A on both exams?",,
,,,,,19EA,"From a small town 120 persons were selected at random and asked the following question: Which of the three shampoos, A, B, or C, do you use? The following results were obtained: 20 use A and C, 10 use A and B but not C, 15 use all three, 30 use only C, 35 use B but not C, 25 use B and C, and 10 use none of the three. If a person is selected at random from this group, what is the probability that he or she uses (a) only A; (b) only B; (c) A and B? (Draw a Venn diagram.)",,
,,,,,20EA,"The coefficients of the quadratic equation x2 +bx+c = 0 are determined by tossing a fair die twice (the first outcome is b, the second one is c). Find the probability that the equation has real roots.",,
,,,,,21EA,"Two integers m and n are called relatively prime if 1 is their only common positive divisor. Thus 8 and 5 are relatively prime, whereas 8 and 6 are not. A number is selected at random from the set {1, 2, 3,..., 63}. Find the probability that it is relatively prime to 63.",,
,,,,,22EA,"A number is selected randomly from the set {1, 2,..., 1000}. What is the probability that (a) it is divisible by 3 but not by 5; (b) it is divisible neither by 3 nor by 5?",,
,,,,,23EA,"The secretary of a college has calculated that from the students who took calculus, physics, and chemistry last semester, 78% passed calculus, 80% physics, 84% chemistry, 60% calculus and physics, 65% physics and chemistry, 70% calculus and chemistry, and 55% all three. Show that these numbers are not consistent, and therefore the secretary has made a mistake.",,
,,,,Exercise B,1EB,"From an ordinary deck of 52 cards, we draw cards at random and without replacement until only cards of one suit are left. Find the probability that the cards left are all spades.",,
,,,,,2EB,"A number is selected at random from the set of natural numbers {1, 2,..., 1000}. What is the probability that it is divisible by 4 but neither by 5 nor by 7 ?",,
,,,,,3EB,"For a Democratic candidate to win an election, she must win districts I, II, and III. Polls have shown that the probability of winning I and III is 0.55, losing II but not I is 0.34, and losing II and III but not I is 0.15. Find the probability that this candidate will win all three districts. (Draw a Venn diagram.)",,
,,,,,4EB,"Two numbers are successively selected at random and with replacement from the set {1, 2,..., 100}. What is the probability that the first one is greater than the second?",,
,,,,,5EB,"Let A1, A2, A3, ... be a sequence of events of a sample space. Prove that P âˆž n=1 An  â‰¤ âˆž n=1 P(An). This is called Booleâ€™s inequality.",,
,,,,,6EB,"Let A1, A2, A3,... be a sequence of events of an experiment. Prove that P âˆž n=1 An  â‰¥ 1 âˆ’âˆž n=1 P(Ac n). Hint: Use Booleâ€™s inequality, discussed in Exercise 28",,
,,,,,7EB,"In a certain country, the probability is 49/50 that a randomly selected fighter plane returns from a mission without mishap. Mia argues that this means there is one mission with a mishap in every 50 consecutive flights. She concludes that if a fighter pilot returns safely from 49 consecutive missions, he should return home before his fiftieth mission. Is Mia right? Explain why or why not.",,
,,,,,8EB,Let P be a probability defined on a sample space S. For events A of S define Q(A) =  P(A) 2 and R(A) = P(A)/2. Is Q a probability on S? Is R a probability on S? Why or why not?,,
,,,,,9EB,"(The Hat Problem) A game begins with a team of three players entering a room one at a time. For each player, a fair coin is tossed. If the outcome is heads, a red hat is placed on the playerâ€™s head, and if it is tails, a blue hat is placed on the playerâ€™s head. The players are allowed to communicate before the game begins to decide on
a strategy. However, no communication is permitted after the game begins. Players
cannot see their own hats. But each player can see the other two playersâ€™ hats. Each
player is given the option to guess the color of his or her hat or to pass. The game
ends when the three players simultaneously make their choices. The team wins if
no playerâ€™s guess is incorrect and at least one playerâ€™s guess is correct. Obviously,
the teamâ€™s goal is to develop a strategy that maximizes the probability of winning.
A trivial strategy for the team would be for two of its players to pass and the third
player to guess red or blue as he or she wishes. This gives the team a 50% chance to
win. Can you think of a strategy that improves the chances of the team winning?",,
,,1.5, Continuity of Probability Function,Exercise A,1EA,A bus arrives at a station every day at a random time between 1:00 P.M. and 1:30 P.M. What is the probability that a person arriving at this station at 1:00 P.M. will have to wait at least 10 minutes?,,
,,,,,2EA,Past experience shows that every new book by a certain publisher captures randomly between 4 and 12% of the market. What is the probability that the next book by this publisher captures at most 6.35% of the market?,,
,,,,,3EA,"Which of the following statements are true? If a statement is true, prove it. If it is false, give a counterexample. (a) If A is an event with probability 1, then A is the sample space. (b) If B is an event with probability 0, then B = âˆ….",,
,,,,,4EA,"Let A and B be two events. Show that if P(A)=1 and P(B)=1, then P(AB)=1.",,
,,,,,5EA,"A point is selected at random from the interval (0, 2000). What is the probability that it is an integer?",,
,,,,,6EA,"Suppose that a point is randomly selected from the interval (0, 1). Using the definition in Section 1.7, show that all numerals are equally likely to appear as the first digit of the decimal representation of the selected point.",,
,,,,Exercise B,1EB,Is it possible to define a probability on a countably infinite sample space so that the outcomes are equally probable?,,
,,,,,2EB,"Let A1, A2,...,An be n events. Show that if P(A1) = P(A2) = Â·Â·Â· = P(An)=1, then P(A1A2 Â·Â·Â·An)=1.",,
,,,,,3EB,"(a) Prove that âˆž n=1(1/2 âˆ’ 1/2n, 1/2+1/2n) = {1/2}. (b) Using part (a), show that the probability of selecting 1/2 in a random selection of a point from (0, 1) is 0.",,
,,,,,4EB,"A point is selected at random from the interval (0, 1). What is the probability that it is rational? What is the probability that it is irrational?",,
,,,,,5EB,"Suppose that a point is randomly selected from the interval (0, 1). Using the definition in Section 1.7, show that all numerals are equally likely to appear as the nth digit of the decimal representation of the selected point.",,
,,,,,6EB,"Let {A1, A2, A3,...} be a sequence of events. Prove that if the series âˆž n=1 P(An) converges, then P âˆž m=1 âˆž n=m An  = 0. This is called the Borel-Cantelli lemma. It says that if âˆž n=1 P(An) < âˆž, the probability that infinitely many of the Anâ€™s occur is 0. Hint: Let Bm = âˆž n=m An and apply Theorem 1.8 to {Bm, m â‰¥ 1}",,
,,,,,7EB,"Show that the result of Exercise 8 is not true for an infinite number of events. That is, show that if {Et: 0 <t< 1} is a collection of events for which P(Et)=1, it is not necessarily true that P tâˆˆ(0,1) Et  = 1.",,
,,,,,8EB,"Let A be the set of rational numbers in (0, 1). Since A is countable, it can be written as a sequence  i.e.,A = {rn : n = 1, 2, 3,...}  . Prove that for any Îµ > 0, A can be covered by a sequence of open balls whose total length is less than Îµ. That is,
âˆ€Îµ > 0, there exists a sequence of open intervals (Î±n, Î²n) such that rn âˆˆ (Î±n, Î²n)
and  âˆž
n=1(Î²n âˆ’ Î±n) < Îµ. This important result explains why in a random selection
of points from (0, 1) the probability of choosing a rational is zero.
Hint: Let Î±n = rn âˆ’ Îµ/2n+2, Î²n = rn + Îµ/2n+2.",,
,,,,Review Problems,1RP,The number of minutes it takes for a certain animal to react to a certain stimulus is a random number between 2 and 4.3. Find the probability that the reaction time of such an animal to this stimulus is no longer than 3.25 minutes.,,
,,,,,2RP,"Let P be the set of all subsets of A = {1, 2}. We choose two distinct sets randomly from P. Define a sample space for this experiment, and describe the following events: (a) The intersection of the sets chosen at random is empty. (b) The sets are complements of each other. (c) One of the sets contains more elements than the other",,
,,,,,3RP,"In a certain experiment, whenever the event A occurs, the event B also occurs. Which of the following statements is true and why? (a) If we know that A has not occurred, we can be sure that B has not occurred as well. (b) If we know that B has not occurred, we can be sure that A has not occurred as well.",,
,,,,,4RP,The following relations are not always true. In each case give an example to refute them. (a) P(A âˆª B) = P(A) + P(B). (b) P(AB) = P(A)P(B).,,
,,,,,5RP,"A coin is tossed until, for the first time, the same result appears twice in succession. Define a sample space for this experiment.",,
,,,,,6RP,"The number of the patients now in a hospital is 63. Of these 37 are male and 20 are for surgery. If among those who are for surgery 12 are male, how many of the 63 patients are neither male nor for surgery?",,
,,,,,7RP,"Let A, B, and C be three events. Prove that P(A âˆª B âˆª C) â‰¤ P(A) + P(B) + P(C).",,
,,,,,8RP,"Let A, B, and C be three events. Show that P(A âˆª B âˆª C) = P(A) + P(B) + P(C) if and only if P(AB) = P(AC) = P(BC)=0.",,
,,,,,9RP,"Suppose that 40% of the people in a community drink or serve white wine, 50% drink or serve red wine, and 70% drink or serve red or white wine. What percentage of the people in this community drink or serve both red and white wine?",,
,,,,,10RP,"Answer the following question, asked of Marilyn Vos Savant in the â€œAsk Marilynâ€ column of Parade Magazine, March 3, 1996. My dad heard this story on the radio. At Duke University, two students had received Aâ€™s in chemistry all semester. But on the night before the final exam, they were partying in another state and didnâ€™t get back to Duke until it was over. Their excuse to the professor was that they had a flat tire, and they asked if they could take a make-up test. The professor agreed, wrote out a test and sent the two to separate rooms to take it. The first question (on one side of the paper) was worth 5 points, and they answered it easily. Then they flipped the paper over and found the second question, worth 95 points: â€˜Which tire was it?â€™ What was the probability that both students would say the same thing? My dad and I think itâ€™s 1 in 16. Is that right?",,
,,,,,11RP,"Let A and B be two events. Suppose that P(A), P(B), and P(AB) are given. What is the probability that neither A nor B will occur?",,
,,,,,12RP,"Let A and B be two events. The event (A âˆ’ B) âˆª (B âˆ’ A) is called the symmetric difference of A and B and is denoted by A Î” B. Clearly, A Î” B is the event that exactly one of the two events A and B occurs. Show that P(A Î” B) = P(A) + P(B) âˆ’ 2P(AB).",,
,,,,,13RP,"A bookstore receives six boxes of books per month on six random days of each month. Suppose that two of those boxes are from one publisher, two from another publisher, and the remaining two from a third publisher. Define a sample space for the possible orders in which the boxes are received in a given month by the bookstore. Describe the event that the last two boxes of books received last month are from the same publisher.",,
,,,,,14RP,Suppose that in a certain town the number of people with blood type O and blood type A are approximately the same. The number of people with blood type B is 1/10 of those with blood type A and twice the number of those with blood type AB. Find the probability that the next baby born in the town has blood type AB.,,
,,,,,15RP,"A number is selected at random from the set of natural numbers {1, 2, 3,..., 1000}. What is the probability that it is not divisible by 4, 7, or 9?",,
,,,,,16RP,"A number is selected at random from the set {1, 2, 3,..., 150}. What is the probability that it is relatively prime to 150? See Exercise 21, Section 1.4, for the definition of relatively prime numbers.",,
,,,,,17RP,"Suppose that each day the price of a stock moves up 1/8 of a point, moves down 1/8 of a point, or remains unchanged. For i â‰¥ 1, let Ui and Di be the events that the price of the stock moves up and down on the ith trading day, respectively. In terms of Uiâ€™s and Diâ€™s, find an expression for the event that the price of the stock (a) remains unchanged on the ith trading day; (b) moves up every day of the next n trading days; (c) remains unchanged on at least one of the next n trading days; (d) is the same as today after three trading days; (e) does not move down on any of the next n trading days.",,
,,,,,18RP,"A bus traveling from Baltimore to New York has breaks down at a random location. What is the probability that the breakdown occurred after passing through Philadelphia? The distances from New York and Philadelphia to Baltimore are, respectively, 199 and 96 miles.",,
,,,,,19RP,"The coefficient of the quadratic equation ax2 +bx+c = 0 are determined by tossing a fair die three times (the first outcome is a, the second one b, and the third one c). Find the probability that the equation has no real roots.",,
2,Combinatorial Methods,2.2,Counting Principle,Exercise A,1EA,How many six-digit numbers are there? How many of them contain the digit 5? Note that the first digit of an n-digit number is nonzero,,
,,,,,2EA,"How many different five-letter codes can be made using a, b, c, d, and e? How many of them start with ab?",,
,,,,,3EA,"The population of a town is 20,000. If each resident has three initials, is it true that at least two people have the same initials?",,
,,,,,4EA,In how many different ways can 15 offices be painted with four different colors?,,
,,,,,5EA,"In flipping a fair coin 23 times, what is the probability of all heads or all tails?",,
,,,,,6EA,In how many ways can we draw five cards from an ordinary deck of 52 cards (a) with replacement, (b) without replacement?,
,,,,,7EA,Two fair dice are thrown. What is the probability that the outcome is a 6 and an odd number?,,
,,,,,8EA,"Mr. Smith has 12 shirts, eight pairs of slacks, eight ties, and four jackets. Suppose that four shirts, three pairs of slacks, two ties, and two jackets are blue. (a) What is the probability that an all-blue outfit is the result of a random selection? (b) What is the probability that he wears at least one blue item tomorrow?",,
,,,,,9EA,"A multiple-choice test has 15 questions, each having four possible answers, of which only one is correct. If the questions are answered at random, what is the probability of getting all of them right?",,
,,,,,10EA,"Suppose that in a state, license plates have three letters followed by three numbers, in a way that no letter or number is repeated in a single plate. Determine the number of possible license plates for this state",,
,,,,,11EA,"A library has 800,000 books, and the librarian wants to encode each by using a code word consisting of three letters followed by two numbers. Are there enough code words to encode all of these books with different code words?",,
,,,,,12EA,How many n Ã— m arrays (matrices) with entries 0 or 1 are there?,,
,,,,,13EA,"How many divisors does 55,125 have? Hint: 55,125 = 325372.",,
,,,,,14EA,"A delicatessen has advertised that it offers over 500 varieties of sandwiches. If at this deli it is possible to have any combination of salami, turkey, bologna, corned beef, ham, and cheese on French bread with the possible additions of lettuce, tomato, and mayonnaise, is the deliâ€™s advertisement true? Assume that a sandwich necessarily has bread and at least one type of meat or cheese",,
,,,,,15EA,"How many four-digit numbers can be formed by using only the digits 2, 4, 6, 8, and 9? How many of these have some digit repeated?",,
,,,,,16EA,"In a mental health clinic there are 12 patients. A therapist invites all these patients to
join her for group therapy. How many possible groups could she get?",,
,,,,,17EA,"Suppose that four cards are drawn successively from an ordinary deck of 52 cards, with replacement and at random. What is the probability of drawing at least one king?",,
,,,,,18EA,"A campus telephone extension has four digits. How many different extensions with no repeated digits exist? Of these, (a) how many do not start with a 0; (b) how many do not have 01 as the first two digits?",,
,,,,,19EA,There are N types of drugs sold to reduce acid indigestion. A random sample of n drugs is taken with replacement. What is the probability that brand A is included?,,
,,,,,20EA,"Jenny, a probability student, having seen Example 2.6 and its solution, becomes convinced that it is a nearly even bet that someone among the next 22 people she meets randomly will have the same birthday as she does. What is the fallacy in Jennyâ€™s thinking? What is the minimum number of people that Jenny must meet before the chances are better than even that someone shares her birthday?",,
,,,,,21EA,"A salesperson covers islands A, B, ..., I. These islands are connected by the bridges shown in the Figure 2.3. While on an island, the salesperson takes one of the possible bridges at random and goes to another one. She does her business on this new island and then takes a bridge at random to go to the next one. She continues this until she reaches an island for the second time on the same day. She stays there overnight and then continues her trips the next day. If she starts her trip from island I tomorrow, in what percent of all possible trips will she end up staying overnight again at island I?",,
,,,,Exercise B,1EB,"In a large town, Kennedy Avenue is a long north-south avenue with many intersections. A drunken man is wandering along the avenue and does not really know which way he is going. He is currently at an intersection O somewhere in the middle of the
avenue. Suppose that, at the end of each block, he either goes north with probability
1/2, or he goes south with probability 1/2. Draw a tree diagram to find the probability that, after walking four blocks, (a) he is back at intersection O; (b) he is only one
block away from intersection O",,
,,,,,2EB,"An integer is selected at random from the set {1, 2,..., 1, 000, 000}. What is the probability that it contains the digit 5?",,
,,,,,3EB,"How many divisors does a natural number N have? Hint: A natural number N can be written as pn1 1 pn2 2 Â·Â·Â·pnk k , where p1, p2,...,pk are distinct primes",,
,,,,,4EB,"In tossing four fair dice, what is the probability of tossing, at most, one 3?",,
,,,,,5EB,"A delicatessen advertises that it offers over 3000 varieties of sandwiches. If at this deli it is possible to have any combination of salami, turkey, bologna, corned beef, and ham with or without Swiss and/or American cheese on French, white, or whole wheat bread, and possible additions of lettuce, tomato, and mayonnaise, is the deliâ€™s advertisement true? Assume that a sandwich necessarily has bread and at least one type of meat or cheese.",,
,,,,,6EB,"One of the five elevators in a building leaves the basement with eight passengers and stops at all of the remaining 11 floors. If it is equally likely that a passenger gets off at any of these 11 floors, what is the probability that no two of these eight passengers will get off at the same floor?",,
,,,,,7EB,"The elevator of a four-floor building leaves the first floor with six passengers and stops at all of the remaining three floors. If it is equally likely that a passenger gets off at any of these three floors, what is the probability that, at each stop of the elevator, at least one passenger departs?",,
,,,,,8EB,"A number is selected randomly from the set {0000, 0001, 0002,..., 9999}. What is the probability that the sum of the first two digits of the number selected is equal to the sum of its last two digits?",,
,,,,,9EB,"What is the probability that a random r-digit number (r â‰¥ 3) contains at least one 0, at least one 1, and at least one 2?",,
,,2.3,Permutations,Exercise A,1EA,"In the popular TV show Who Wants to Be a Millionaire, contestants are asked to sort four items in accordance with some norm: for example, landmarks in geographical order, movies in the order of date of release, singers in the order of date of birth. What is the probability that a contestant can get the correct answer solely by guessing?",,
,,,,,2EA,"How many permutations of the set {a, b, c, d, e} begin with a and end with c?",,
,,,,,3EA,How many different messages can be sent by five dashes and three dots?,,
,,,,,4EA,"Robert has eight guests, two of whom are Jim and John. If the guests will arrive in a random order, what is the probability that John will not arrive right after Jim?",,
,,,,,5EA,"Let A be the set of all sequences of 0â€™s, 1â€™s, and 2â€™s of length 12. (a) How many elements are there in A? (b) How many elements of A have exactly six 0â€™s and six 1â€™s? (c) How many elements of A have exactly three 0â€™s, four 1â€™s, and five 2â€™s?",,
,,,,,6EA,"Professor Haste is somewhat familiar with six languages. To translate texts from one language into another directly, how many one-way dictionaries does he need?",,
,,,,,7EA,"In an exhibition, 20 cars of the same style that are distinguishable only by their colors, are to be parked in a row, all facing a certain window. If four of the cars are blue, three are black, five are yellow, and eight are white, how many choices are there?",,
,,,,,8EA,"At various yard sales, a woman has acquired five forks, of which no two are alike. The same applies to her four knives and seven spoons. In how many different ways can three place settings be chosen if each place setting consists of exactly one fork, one knife, and one spoon? Assume that the arrangement of the place settings on the table is unimportant.",,
,,,,,9EA,"In a conference, Dr. Richmanâ€™s lecture is related to Dr. Cholletâ€™s and should not precede it. If there are six more speakers, how many schedules could be arranged? Warning: Dr. Richmanâ€™s lecture is not necessarily scheduled right after Dr. Cholletâ€™s lecture.",,
,,,,,10EA,"A dancing contest has 11 competitors, of whom three are Americans, two are Mexicans, three are Russians, and three are Italians. If the contest result lists only the nationality of the dancers, how many outcomes are possible?",,
,,,,,11EA,Six fair dice are tossed. What is the probability that at least two of them show the same face?,,
,,,,,12EA,"(a) Find the number of distinguishable permutations of the letters MISSISSIPPI. (b) In how many of these permutations Pâ€™s are together? (c) In how many Iâ€™s are together? (d) In how many Pâ€™s are together, and Iâ€™s are together? (e) In a random order of the letters MISSISSIPPI, what is the probability that all Sâ€™s are together?",,
,,,,,13EA,"A fair die is tossed eight times. What is the probability of exactly two 3â€™s, three 1â€™s, and three 6â€™s?",,
,,,,,14EA,"In drawing nine cards with replacement from an ordinary deck of 52 cards, what is the probability of three aces of spades, three queens of hearts, and three kings of clubs?",,
,,,,,15EA,"At a party, n men and m women put their drinks on a table and go out on the floor to dance. When they return, none of them recognizes his or her drink, so everyone takes a drink at random. What is the probability that each man selects his own drink?",,
,,,,,16EA,"There are 20 chairs in a room numbered 1 through 20. If eight girls and 12 boys sit on these chairs at random, what is the probability that the thirteenth chair is occupied by a boy?",,
,,,,,17EA,There are 12 students in a class. What is the probability that their birthdays fall in 12 different months? Assume that all months have the same probability of including the birthday of a randomly selected person.,,
,,,,,18EA,"If we put five math, six biology, eight history, and three literature books on a bookshelf at random, what is the probability that all the math books are together?",,
,,,,,19EA,"One of the five elevators in a building starts with seven passengers and stops at nine floors. Assuming that it is equally likely that a passenger gets off at any of these nine floors, find the probability that at least two of these passengers will get off at the same floor.",,
,,,,,20EA,Five boys and five girls sit at random in a row. What is the probability that the boys are together and the girls are together?,,
,,,,,21EA,"If n balls are randomly placed into n cells, what is the probability that each cell will be occupied?",,
,,,,,22EA,"A town has six parks. On a Saturday, six classmates, who are unaware of each otherâ€™s decision, choose a park at random and go there at the same time. What is the probability that at least two of them go to the same park? Convince yourself that this exercise is the same as Exercise 11, only expressed in a different context.",,
,,,,,23EA,"A club of 136 members is in the process of choosing a president, a vice president, a secretary, and a treasurer. If two of the members are not on speaking terms and do not serve together, in how many ways can these four people be chosen?",,
,,,,Exercise B,1EB,"Let S and T be finite sets with n and m elements, respectively. (a) How many functions f : S â†’ T can be defined? (b) If m â‰¥ n, how many injective (one-to-one) functions f : S â†’ T can be
defined?
(c) If m = n, how many surjective (onto) functions f : S â†’ T can be defined?",,
,,,,,2EB,"A fair die is tossed eight times. What is the probability of exactly two 3â€™s, exactly three 1â€™s, and exactly two 6â€™s?",,
,,,,,3EB,"Suppose that 20 sticks are broken, each into one long and one short part. By pairing them randomly, the 40 parts are then used to make 20 new sticks. (a) What is the probability that long parts are all paired with short ones? (b) What is the probability that the new sticks are exactly the same as the old ones?",,
,,,,,4EB,"At a party, 15 married couples are seated at random at a round table. What is the probability that all men are sitting next to their wives? Suppose that of these married couples, five husbands and their wives are older than 50 and the remaining husbands and wives are all younger than 50. What is the probability that all men over 50 are sitting next to their wives? Note that when people are sitting around a round table, only their seats relative to each other matters. The exact position of a person is not important.",,
,,,,,5EB,"A box contains five blue and eight red balls. Jim and Jack start drawing balls from the box, respectively, one at a time, at random, and without replacement until a blue ball is drawn. What is the probability that Jack draws the blue ball?",,
,,2.4,Combinations,Exercise A,1EA,"Jim has 20 friends. If he decides to invite six of them to his birthday party, how many choices does he have?",,
,,,,,2EA,Each state of the 50 in the United States has two senators. In how many ways may a majority be achieved in the U.S. Senate? Ignore the possibility of absence or abstention. Assume that all senators are present and voting.,,
,,,,,3EA,A panel consists of 20 men and 25 women. How many choices do we have to obtain a jury of six men and six women from this panel?,,
,,,,,4EA,"From an ordinary deck of 52 cards, five are drawn randomly. What is the probability of drawing exactly three face cards?",,
,,,,,5EA,A random sample of n elements is taken from a population of size N without replacement. What is the probability that a fixed element of the population is included? Simplify your answer.,,
,,,,,6EA,"Judy puts one piece of fruit in her childâ€™s lunch bag every day. If she has three oranges and two apples for the next five days, in how many ways can she do this?",,
,,,,,7EA,"Ann puts at most one piece of fruit in her childâ€™s lunch bag every day. If she has only three oranges and two apples for the next eight lunches of her child, in how many ways can she do this?",,
,,,,,8EA,"Lili has 20 friends. Among them are Kevin and Gerry, who are husband and wife. Lili wants to invite six of her friends to her birthday party. If neither Kevin nor Gerry will go to a party without the other, how many choices does Lili have?",,
,,,,,9EA,"In front of Jeffâ€™s office there is a parking lot with 13 parking spots in a row. When cars arrive at this lot, they park randomly at one of the empty spots. Jeff parks his car in the only empty spot that is left. Then he goes to his office. On his return he finds that there are seven empty spots. If he has not parked his car at either end of the parking area, what is the probability that both of the parking spaces that are next to Jeffâ€™s car are empty?",,
,,,,,10EA,Find the coefficient of x9 in the expansion of (2 + x)12.,,
,,,,,11EA, Find the coefficient of x3y4 in the expansion of (2x âˆ’ 4y)7,,
,,,,,12EA,"A team consisting of three boys and four girls must be formed from a group of nine boys and eight girls. If two of the girls are feuding and refuse to play on the same team, how many possibilities do we have?",,
,,,,,13EA,A fair coin is tossed 10 times. What is the probability of (a) five heads, (b) at least five heads?,
,,,,,14EA,"If five numbers are selected at random from the set {1, 2, 3,..., 20}, what is the probability that their minimum is larger than 5?",,
,,,,,15EA,"From a faculty of six professors, six associate professors, ten assistant professors, and twelve instructors, a committee of size six is formed randomly. What is the probability that (a) there are exactly two professors on the committee; (b) all committee members are of the same rank?",,
,,,,,16EA,"A lake contains 200 trout; 50 of them are caught randomly, tagged, and returned. If, again, we catch 50 trout at random, what is the probability of getting exactly five tagged trout?",,
,,,,,17EA,Find the values ofn i=0 2i  n i  and n i=0 xi  n i ,,
,,,,,18EA,A fair die is tossed six times. What is the probability of getting exactly two 6â€™s?,,
,,,,,19EA,"Suppose that 12 married couples take part in a contest. If 12 persons each win a prize, what is the probability that from every couple one of them is a winner? Assume that all of the  24 12 possible sets of winners are equally probable.",,
,,,,,20EA,"Poker hands are classified into the following 10 nonoverlapping categories in increasing order of likelihood. Calculate the probability of the occurrence of each class separately. Recall that a poker hand consists of five cards selected randomly from an ordinary deck of 52 cards. Royal flush: The 10, jack, queen, king, and ace of the same suit.
Straight flush: All cards in the same suit, with consecutive denominations except for the royal flush.
Four of a kind: Four cards of one denomination and one card of a
second denomination: for example, four 8â€™s and a jack.
Full house: Three cards of one denomination and two cards of a sec- ond denomination: for example, three 4â€™s and two queens.
Flush: Five cards all in one suit but not a straight or royal flush.
Straight: Cards of distinct consecutive denominations, not all in one
suit: for example, 3 of hearts, 4 of hearts, 5 of spades, 6 of hearts, and 7
of clubs.
Three of a kind: Three cards of one denomination, a fourth card of a
second denomination, and a fifth card of a third denomination.
Two pairs: Two cards from one denomination, another two from a second denomination, and the fifth card from a third denomination.
One pair: Two cards from one denomination, with the third, fourth, and
fifth cards from a second, third, and fourth denomination, respectively:
for example, two 8â€™s, a king, a 5, and a 4.
None of the above.",,
,,,,,21EA,"There are 12 nuts and 12 bolts in a box. If the contents of the box are divided between two handymen, what is the probability that each handyman will get six nuts and six bolts?",,
,,,,,22EA,"A history professor who teaches three sections of the same course every semester decides to make several tests and use them for the next 10 years (20 semesters) as final exams. The professor has two policies: (1) not to give the same test to more than one class in a semester, and (2) not to repeat the same combination of three tests for any two semesters. Determine the minimum number of different tests that the professor should prepare.",,
,,,,,23EA,"A four-digit number is selected at random. What is the probability that its ones place is less than its tens place, its tens place is less than its hundreds place, and its hundreds place is less than its thousands place? Note that the first digit of an n-digit number is nonzero.",,
,,,,,24EA,"Using Theorem 2.6, expand (x + y + z)2",,
,,,,,25EA,What is the coefficient of x2y3z2 in the expansion of (2x âˆ’ y + 3z)7?,,
,,,,,26EA,What is the coefficient of x3y7 in the expansion of (2x âˆ’ y + 3)13?,,
,,,,,27EA,"An ordinary deck of 52 cards is dealt, 13 each, to four players at random. What is the probability that each player receives 13 cards of the same suit?",,
,,,,,28EA,"Using induction, binomial expansion, and the identity  n n1  (n âˆ’ n1)! n2! n3! Â·Â·Â· nk! = n! n1! n2! Â·Â·Â· nk! , prove the formula of multinomial expansion",,
,,,,,29EA,"A staircase is to be constructed between M and N (see Figure 2.4). The distances from M to L, and from L to N, are 5 and 2 meters, respectively. If the height of a step is 25 centimeters and its width can be any integer multiple of 50 centimeters, how many different choices do we have?",,
,,,,,30EA,Each state of the 50 in the United States has two senators. What is the probability that in a random committee of 50 senators (a) Maryland is represented, (b) all states are represented?,
,,,,,31EA,"According to the 1998 edition of Encyclopedia Britannica, â€œthere are at least 15,000 to as many as 35,000 species of orchids.â€ These species have been found naturally and are distinct from each other. Suppose that hybrids can be created by crossing any two existing species. Furthermore, suppose that hybrids themselves can be continued to be hybridized with each other or with an original species. Orchid lovers develop thousands and thousands of hybrids for use as garden or greenhouse ornamental and for the commercial flower trade. Suppose that all species are crossed, two at a time, to create the first generation of hybrids. Then the first generation of hybrids are crossed with each other and with the original species, two at a time, to develop the second generation of hybrids. The second generation of hybrids are crossed with each other, with the first generation hybrids, and with the original species, two at a time, to generate the third generation of hybrids, and so on. Let n be the total number of original species of orchids. Let nk be the number of hybrids in the kth generation. (a) Find nk in terms of n, n1, ..., nkâˆ’1. (b) For n = 25, 000, find the largest possible total number of all hybrids in the first four generations.",,
,,,,Exercise B,1EB,Prove the binomial expansion formula by induction. Hint: Use the identity  n k âˆ’ 1  + n k  = n + 1 k  .,,
,,,,,2EB,"A class contains 30 students. What is the probability that there are six months each containing the birthdays of two students, and six months each containing the birthdays of three students? Assume that all months have the same probability of including the birthday of a randomly selected person",,
,,,,,3EB,"In a closet there are 10 pairs of shoes. If six shoes are selected at random, what is the probability of (a) no complete pairs; (b) exactly one complete pair; (c) exactly two complete pairs; (d) exactly three complete pairs?",,
,,,,,4EB,An ordinary deck of 52 cards is divided into two equal sets randomly. What is the probability that each set contains exactly 13 red cards?,,
,,,,,5EB,"In Marylandâ€™s lottery, players pick six different integers between 1 and 49, the order of selection being irrelevant. The lottery commission then randomly selects six of these as the winning numbers. What is the probability that at least two consecutive integers are selected among the winning numbers? Hint: Let A be the set of all 6-element combinations of  1, 2,..., 49 with no consecutive integers. Let B be the set of all 6-element combinations of  1, 2,..., 44 . Begin by showing that there is a one-to-one correspondence between A and B.",,
,,,,,6EB,A train consists of n cars. Each of m passengers (m>n) will choose a car at random to ride in. What is the probability that (a) there will be at least one passenger in each car, (b) exactly r (r,
,,,,,7EB,Suppose that n indistinguishable balls are placed at random into n distinguishable cells. What is the probability that exactly one cell remains empty?,,
,,,,,8EB,Prove that  n 0  âˆ’ n 1  + n 2  âˆ’Â·Â·Â· + (âˆ’1)k n k  + Â·Â·Â· + (âˆ’1)n  n n  = 0.,,
,,,,,9EB,Show that n 0  + n + 1 1  + Â·Â·Â· + n + r r  = n + r + 1 r  . Hint: n r  =  n + 1 r  âˆ’  n r âˆ’ 1  .,,
,,,,,10EB,"By a combinatorial argument, prove that for r â‰¤ n and r â‰¤ m, n + m r  = m 0 n r  + m 1  n r âˆ’ 1  + Â·Â·Â· + m r n 0  .",,
,,,,,11EB,Evaluate the following sum: n 0  + 1 2  n 1  + 1 3 n 2  + Â·Â·Â· + 1 n + 1n n ,,
,,,,,12EB,"Suppose that five points are selected at random from the interval (0, 1). What is the probability that exactly two of them are between 0 and 1/4? Hint: For any point there are four equally likely possibilities: to fall into (0, 1/4), [1/4, 1/2), [1/2, 3/4), and [3/4, 1).",,
,,,,,13EB,"A lake has N trout, and t of them are caught at random, tagged, and returned. We catch n trout at a later time randomly and observe that m of them are tagged. (a) Find PN , the probability of what we observed actually happen. (b) To estimate the number of trout in the lake, statisticiansfind the value of N that
maximizes PN . Such a value is called the maximum likelihood estimator of
N. Show that the maximum of PN is [nt/m], where by [nt/m] we mean the
greatest integer less than or equal to nt/m. That is, prove that the maximum
likelihood estimator of the number of trout in the lake is [nt/m].
Hint: Investigate for what values of N the probability PN is increasing and for
what values it is decreasing",,
,,,,,14EB,"Let n be a positive integer. A random sample of four elements is taken from the set  0, 1, 2,...,n , one at a time and with replacement. What is the probability that the sum of the first two elements is equal to the sum of the last two elements?",,
,,,,,15EB,"For a given position with n applicants, m applicants are equally qualified and nâˆ’m applicants are not qualified at all. Assume that a recruitment process is considered to be fair if the probability that a qualified applicant is hired is 1/m, and the probability that an unqualified applicant is hired is 0. One fair recruitment process is to interview all applicants, identify the qualified ones, and then hire one of the m qualified applicants randomly. A second fair process, which is more efficient, is to interview applicants in a random order and employ the first qualified applicant encountered. For the fairness of the second recruitment process, (a) present an intuitive argument; (b) give a rigorous combinatorial proof.",,
,,,,,16EB,"In how many ways can 10 different photographs be placed in six different envelopes, no envelope remaining empty? Hint: An easy way to do this problem is to use the following version of the inclusion-exclusion principle: Let A1, A2,...,An be n subsets of a finite set Î© with N elements. Let N(Ai) be the number of elements of Ai, 1 â‰¤ i â‰¤ n, and N(Ac i) = N âˆ’ N(Ai). Let Sk be the sum of the elements of all those intersections of A1, A2,...,An that are formed of exactly k sets. That is, S1 = N(A1) + N(A2) + Â·Â·Â· + N(An), S2 = N(A1A2) + N(A1A3) + Â·Â·Â· + N(Anâˆ’1An), and so on. Then N(Ac 1Ac 2 Â·Â·Â·Ac n) = N âˆ’ S1 + S2 âˆ’ S3 + Â·Â·Â· + (âˆ’1)nSn. To solve the problem, let N be the number of ways that 10 different photographs can be placed in six different envelopes, allowing for the possibility of empty envelopes. Let Ai be the set of all situations in which envelope i is empty. Then the desired quantity is N(Ac 1Ac 2 Â·Â·Â·Ac 6).",,
,,,,,17EB,"We are given n (n > 5) points in space, no three of which lie on the same straight line. Let Î© be the family of planes defined by any three of these points. Suppose that the points are situated in a way that no four of them are coplanar, and no two planes of Î© are parallel. From the set of the lines of the intersections of the planes of Î©, a
line is selected at random. What is the probability that it passes through none of the
n points?
Hint: For i = 0, 1, 2, let Ai be the set of all lines of the intersections that are
determined by planes having i of the given n points in common. If |Ai| denotes the
number of elements of Ai, the answer is |A0|/
 
|A0| + |A1| + |A2|",,
,,,,,18EB,"Using the binomial theorem, calculate the coefficient of xn in the expansion of (1 + x)2n = (1 + x)n(1 + x)n to prove that 2n n  = n i=0 n i 2 . For a combinatorial proof of this relation, see Example 2.28.",,
,,,,,19EB,"An absentminded professor wrote n letters and sealed them in envelopes without writing the addresses on them. Then he wrote the n addresses on the envelopes at random. What is the probability that exactly k of the envelopes were addressed correctly? Hint: Consider a particular set of k letters. Let M be the total number of ways that only these k letters can be addressed correctly. The desired probability is the quantity n k  M/n!; using Example 2.24, argue that M satisfies nâˆ’k i=2 (âˆ’1)i /i! = M/(n âˆ’ k)!.",,
,,,,,20EB,"A fair coin is tossed n times. Calculate the probability of getting no successive heads. Hint: Let xi be the number of sequences of Hâ€™s and Tâ€™s of length i with no successive Hâ€™s. Show that xi satisfies xi = xiâˆ’1 + xiâˆ’2, i â‰¥ 2, where x0 = 1 and x1 = 2. The answer is xn/2n. Note that {xi}âˆž i=1 is a Fibonacci-type sequence",,
,,,,,21EB,What is the probability that the birthdays of at least two students of a class of size n are at most k days apart? Assume that the birthrates are constants throughout the year and that each year has 365 days.,,
,,2.5,Stirlingâ€™s Formula,Review Problems,1RP,Use Stirlingâ€™s formula to approximate  2n n  1 22n and (2n)!3 (4n)! (n!)2 for large n.,,
,,,,,2RP,"Albert goes to the grocery store to buy fruit. There are seven different varieties of fruit, and Albert is determined to buy no more than one of any variety. How many different orders can he place?",,
,,,,,3RP,"Virginia has 1 one-dollar bill, 1 two-dollar bill, 1 five-dollar bill, 1 ten-dollar bill, and 1 twenty-dollar bill. She decides to give some money to her son Brian without asking for change. How many choices does she have?",,
,,,,,4RP,"If four fair dice are tossed, what is the probability that they will show four different faces?",,
,,,,,5RP,"From the 10 points that are placed on a circumference, two are selected randomly. What is the probability that they are adjacent?",,
,,,,,6RP,A father buys nine different toys for his four children. In how many ways can he give one child three toys and the remaining three children two toys each?,,
,,,,,7RP,A window dresser has decided to display five different dresses in a circular arrangement. How many choices does she have?,,
,,,,,8RP,"Judy has three sets of classics in literature, each set having four volumes. In how many ways can she put them on a bookshelf so that books of each set are not separated?",,
,,,,,9RP,"Suppose that 30 lawn mowers, of which seven have defects, are sold to a hardware store. If the store manager inspects six of the lawn mowers randomly, what is the probability that he finds at least one defective lawn mower?",,
,,,,,10RP,"In how many ways can 23 identical refrigerators be allocated among four stores so that one store gets eight refrigerators, another four, a third store five, and the last one six refrigerators?",,
,,,,,11RP,In how many arrangements of the letters BERKELEY are all three Eâ€™s adjacent?,,
,,,,,12RP,Bill and John play in a backgammon tournament. A player is the winner if he wins three games in a row or four games altogether. In what percent of all possible cases does the tournament end because John wins four games without winning three in a row?,,
,,,,,13RP,"In a small town, both of the accidents that occurred during the week of June 8, 1988, were on Friday the 13th. Is this a good excuse for a superstitious person to argue that Friday the 13thâ€™s are inauspicious?",,
,,,,,14RP,How many eight-digit numbers without two identical successive digits are there?,,
,,,,,15RP,"A palindrome is a sequence of characters that reads the same forward or backward. For example, rotator, madam, Hannah, the German name Otto, and an Indian language, Malayalam, are palindromes. So are the following expressions: â€œPut up,â€ â€œMadam Iâ€™m Adam,â€ â€œWas it a cat I saw?â€ and these two sentences in Latin concerning St. Martin, Bishop of Tours: â€œSigna te, signa; temere me tangis et angis.
Roma tibi subito motibus ibit amor.â€ (Respectively: Cross, cross yourself; you annoy and vex me needlessly. Through my exertions, Rome, your desire, will soon
be near.) Determine the number of palindromes containing 11 characters that can
be made with (a) no letters repeating more than twice; (b) one letter repeating three
times and no other letter more than twice (the chemical term detartrated is one such
palindrome); (c) one letter repeating three times, two each repeating two times, and
one repeating four times.
Historical Remark: It is said that the palindrome was invented by a Greek poet
named Sotades in the third Century B.C. It is also said that Sotades was drowned by
order of a king of the Macedonian dynasty, the reigning Ptolemy, who found him a
real bore.",,
,,,,,16RP,"By mistake, a student who is running a computer program enters with negative signs two of the six positive numbers and with positive signs two of the four negative numbers. If at some stage the program chooses three distinct numbers from these 10 at random and multiplies them, what is the probability that at that stage no mistake will occur?",,
,,,,,17RP,Suppose that four women and two men enter a restaurant and sit at random around a table that has four chairs on one side and another four on the other side. What is the probability that the men are not all sitting on one side?,,
,,,,,18RP,"Cyrus and 27 other students are taking a course in probability this semester. If their professor chooses eight students at random and with replacement to ask them eight different questions, what is the probability that one of them is Cyrus?",,
,,,,,19RP,"If five Americans, five Italians, and five Mexicans sit randomly at a round table, what is the probability that the persons of the same nationality sit together?",,
,,,,,20RP,"The chairperson of the industry-academic partnership of a town invites all 12 members of the board and their spouses to his house for a Christmas party. If a board member may attend without his spouse, but not vice versa, how many different groups can the chairperson get?",,
,,,,,21RP,"In a bridge game, each of the four players gets 13 random cards. What is the probability that every player has an ace?",,
,,,,,22RP,"From a faculty of six professors, six associate professors, ten assistant professors, and twelve instructors, a committee of size six is formed randomly. What is the probability that there is at least one person from each rank on the committee? Hint: Be careful, the answer is not 6 1 6 1 10 1 12 1 30 2  34 6  = 1.397. To find the correct answer, use the inclusion-exclusion principle explained in Section 1.4",,
,,,,,23RP,An urn contains 15 white and 15 black balls. Suppose that 15 persons each draw two balls blindfolded from the urn without replacement. What is the probability that each of them draws one white ball and one black ball?,,
,,,,,24RP,In a lottery the tickets are numbered 1 through N. A person purchases n (1 â‰¤ n â‰¤ N) tickets at random. What is the probability that the ticket numbers are consecutive? (This is a special case of a problem posed by Euler in 1763.),,
,,,,,25RP,"An ordinary deck of 52 cards is dealt, 13 each, at random among A, B, C, and D. What is the probability that (a) A and B together get two aces; (b) A gets all the face cards; (c) A gets five hearts and B gets the remaining eight hearts?",,
,,,,,26RP,"To test if a computer program works properly, we run it with 12 different data sets, using four computers, each running three data sets. If the data sets are distributed randomly among different computers, how many possibilities are there?",,
,,,,,27RP,A fair die is tossed eight times. What is the probability that the eighth outcome is not a repetition?,,
,,,,,28RP,"A four-digit number is selected at random. What is the probability that its ones place is greater than its tens place, its tens place is greater than its hundreds place, and its hundreds place is greater than its thousands place? Note that the first digit of an n-digit number is nonzero",,
,,,,,29RP,"From the set of integers  1, 2, 3,..., 100000 a number is selected at random. What is the probability that the sum of its digits is 8? Hint: Establish a one-to-one correspondence between the set of integers from {1, 2,..., 100000} the sum of whose digits is 8, and the set of possible ways 8 identical objects can be placed into 5 distinguishable cells. Then use Example 2.22.",,
